assessid,fao_area
ADFG-SSALMBLACKL-1918-1999-HIVELY,67
ADFG-SSALMCHIGNIKL-1918-1999-HIVELY,67
ABARES-BGRDRSE-1960-2011-CHING,57
ADFG-HERRPWS-1980-2006-COLLIE,67
ADFG-HERRSITKA-1978-2007-COLLIE,67
ADFG-HERRTOG-1990-2010-HIVELY,67
AFSC-ALPLAICBSAI-1972-2010-STACHURA,67
AFSC-ARFLOUNDBSAI-1970-2010-STACHURA,67
AFSC-ARFLOUNDGA-1958-2010-STACHURA,67
AFSC-ATKABSAI-1976-2011-STACHURA,67
AFSC-BKINGCRABPI-1960-2008-JENSEN,67
AFSC-BKINGCRABSMI-1960-2008-JENSEN,67
AFSC-DSOLEGA-1978-2009-STACHURA,67
AFSC-DUSROCKGA-1973-2010-STACHURA,NA
AFSC-FLSOLEBSAI-1974-2010-STACHURA,67
AFSC-FLSOLEGA-1978-2010-STACHURA,NA
AFSC-GHALBSAI-1960-2015-HIVELY,67
AFSC-NROCKBSAI-1974-2011-STACHURA,67
AFSC-NROCKGA-1959-2010-STACHURA,NA
AFSC-NRSOLEEBSAI-1975-2012-HIVELY,67
AFSC-PCODBSAI-1964-2013-CHING,67
AFSC-PCODGA-1977-2014-HIVELY,NA
AFSC-PERCHEBSAI-1960-2011-STACHURA,67
AFSC-POPERCHGA-1959-2010-STACHURA,67
AFSC-REXSOLEGA-1979-2011-HIVELY,67
AFSC-REYEROCKBSAI-1974-2015-HIVELY,67
AFSC-REYEROCKGA-1974-2010-STACHURA,67
AFSC-RKCRABBB-1960-2008-JENSEN,67
AFSC-RKCRABNS-1976-2008-JENSEN,67
AFSC-RKCRABPI-1981-2009-JENSEN,67
AFSC-SABLEFEBSAIGA-1958-2010-STACHURA,67
AFSC-SNOWCRABBS-1978-2013-HIVELY,67
AFSC-SRAKEROCKBSAI-1977-2010-STACHURA,67
AFSC-TANNERCRABBSAI-1949-2013-HIVELY,67
AFSC-WPOLLAI-1976-2013-CHING,67
AFSC-WPOLLEBS-1963-2015-HIVELY,67
AFSC-WPOLLGA-1970-2014-HIVELY,NA
AFSC-YSOLEBSAI-1949-2010-STACHURA,67
AFWG-CAPENOR-1965-2007-MINTO,27
AFWG-CODNEAR-1946-2011-CHING,27
AFWG-GHALNEAR-1960-2010-NEUBAUER,27
AFWG-GOLDREDNEAR-1983-2010-NEUBAUER,27
AFWG-HADNEAR-1947-2012-CHING,27
AFWG-POLLNEAR-1957-2012-CHING,27
AFWG-REDDEEPI-II-1985-2006-MINTO,27
ASMFC-ATLCROAKMATLC-1973-2002-STANTON,21
ASMFC-LOBSTERGB-1981-2007-STANTON,21
ASMFC-LOBSTERGOM-1981-2007-STANTON,21
ASMFC-LOBSTERSNE-1981-2007-STANTON,21
ASMFC-PANDALGOM-1960-2009-IDOINE,21
CBP-BCRABCHESB-1990-2010-HIVELY,21
CCAMLR-ATOOTHFISHRS-1995-2007-JENSEN,88
CCSBT-SC-SBT-1952-2014-PONS,51
CNR-IAMC-SARDMEDGSA16-1998-2011-BANOBI,37
CSERG-ANCHOVYKILKACS-1991-2007-JENSEN,NA
CSIRO-BIGHTREDSE-1958-2007-FULTON,57
CSIRO-BTSHRIMPNAUST-1970-2006-FULTON,71
CSIRO-DEEPFLATHEADSE-1978-2007-FULTON,57
CSIRO-GEMFISHSE-1966-2007-FULTON,57
CSIRO-GTPRAWNNAUST-1970-2006-FULTON,71
CSIRO-MORWONGSE-1913-2007-FULTON,57
CSIRO-NZLINGESE-1968-2007-FULTON,57
CSIRO-NZLINGWSE-1968-2007-FULTON,57
CSIRO-OROUGHYCASCADE-1987-2006-FULTON,57
CSIRO-OROUGHYSE-1978-2007-FULTON,57
CSIRO-PTOOTHFISHMI-1975-2010-FAY,81
CSIRO-SILVERFISHSE-1978-2006-FULTON,57
CSIRO-SWHITSE-1945-2007-FULTON,81
CSIRO-TIGERFLATSE-1913-2006-FULTON,57
CSIRO-WAREHOUESE-1984-2006-FULTON,57
CSIRO-WAREHOUWSE-1984-2006-FULTON,NA
DFO-ACADRED2J3K-1960-2010-WATSON,21
DFO-ACADRED3LNO-UT12-1960-2010-WATSON,21
DFO-ACADREDUT3-1960-2010-WATSON,21
DFO-AMPL23K-1960-2012-WATSON,21
DFO-AMPL3Ps-1960-2013-WATSON,21
DFO-AMPL4T-1965-2012-WATSON,21
DFO-AMPL4VWX-1961-2010-WATSON,21
DFO-ARCSURFGB-1989-2010-WATSON,21
DFO-ARCTIC-PANDALSFA2-3-1979-2015-WATSON,21
DFO-ARCTIC-STRSHRIMPSFA2-3-1979-2010-CHING,21
DFO-ATHAL3NOPs4VWX5Zc-1970-2014-WATSON,21
DFO-CAPE4RST-1960-2012-WATSON,21
DFO-COD2J3KL-1959-2014-WATSON,21
DFO-COD3Pn4RS-1964-2015-WATSON,21
DFO-COD3Ps-1980-2014-WATSON,21
DFO-COD4TVn-1965-2015-WATSON,21
DFO-COD4X5Yb-1948-2009-WATSON,21
DFO-COD5Zjm-1978-2010-WATSON,21
DFO-CROCKWCVANISOGQCI-1945-2009-STANTON,67
DFO-EULAPCOASTCCDU-1951-2012-WATSON,67
DFO-EULAPCOASTFRDU-1900-2012-WATSON,67
DFO-EULAPCOASTNSDU-1951-2012-WATSON,67
DFO-GHAL4RST-1970-2015-WATSON,21
DFO-HAD3LNO-1953-2013-WATSON,21
DFO-HAD4X5Y-1970-2014-WATSON,21
DFO-HERR4TFA-1978-2014-WATSON,21
DFO-HERR4TSP-1978-2014-WATSON,21
DFO-HERR4VWX-1963-2012-WATSON,21
DFO-HERRCC-1951-2015-WATSON,67
DFO-HERRNFLDESC-1966-2014-WATSON,21
DFO-HERRPRD-1951-2015-WATSON,67
DFO-HERRQCI-1951-2015-WATSON,67
DFO-HERRSOG-1951-2015-WATSON,67
DFO-HERRWCVANI-1951-2015-WATSON,67
DFO-LOBSTERLFA3-14-1960-2012-WATSON,21
DFO-LOBSTERLFA41-1981-2012-WATSON,21
DFO-MACKNWATLSA3-4-1968-2014-WATSON,21
DFO-MAR-ARCSURFBANQ-1986-2010-CHING,21
DFO-MAR-BSKATCANATL-1970-1987-PREFONTAINE,NA
DFO-MAR-COD4VsW-1958-2002-PREFONTAINE,21
DFO-MAR-CUSK4X-1970-2007-RICARD,21
DFO-MAR-LOBSTERLFA27-33-1980-2010-CHING,21
DFO-MAR-LOBSTERLFA34-1893-2012-CHING,21
DFO-MAR-LOBSTERLFA35-38-1893-2012-CHING,21
DFO-MAR-POLL4VWX-1982-2011-OSGOOD,21
DFO-MAR-SCALL4T-1968-2014-OSGOOD,21
DFO-MAR-SCALLNBB-1981-2011-CHING,21
DFO-MAR-SCALLSFA16-20-1965-2012-OSGOOD,21
DFO-MAR-SCALLSPA1-6-1975-2010-CHING,21
DFO-MAR-SCALLWSFA29-2001-2011-CHING,21
DFO-MAR-SDOG4VWX5-1922-2013-OSGOOD,21
DFO-MAR-SHAKE4VWX-1969-2015-OSGOOD,21
DFO-MAR-WHAKE4VWX5-1964-2005-PREFONTAINE,21
DFO-NFLD-MONK2J3KLNOPs-1977-2000-PREFONTAINE,21
DFO-NFLD-POLL3Ps-1960-2013-OSGOOD,21
DFO-NFLD-SCALL3Ps-1969-2010-CHING,21
DFO-NFLD-SCALLGB-1978-2007-ANDERSON,21
DFO-NFLD-SMOOTHSKA2J3K-1981-2012-OSGOOD,21
DFO-NFLD-SMOOTHSKA4T-1971-2010-OSGOOD,21
DFO-NFLD-WITFLOUN3Ps-1974-2013-OSGOOD,21
DFO-PAC-BIGSKA3CD-1954-2011-OSGOOD,67
DFO-PAC-BIGSKA4B-1996-2011-OSGOOD,67
DFO-PAC-BIGSKA5AB-1954-2011-OSGOOD,67
DFO-PAC-BIGSKA5CDE-1954-2011-OSGOOD,67
DFO-PAC-BOCACCBCW-1935-2012-CHING,67
DFO-PAC-ESOLEHS-1944-2001-COLLIE,67
DFO-PAC-LINGCODSOG-1927-2014-OSGOOD,67
DFO-PAC-LNOSESKA3CD-1954-2011-OSGOOD,67
DFO-PAC-LNOSESKA4B-1996-2011-OSGOOD,67
DFO-PAC-LNOSESKA5AB-1954-2012-OSGOOD,67
DFO-PAC-LNOSESKA5CDE-1954-2011-OSGOOD,67
DFO-PAC-PCOD5AB-1945-2014-OSGOOD,67
DFO-PAC-PCODHS-1944-2014-OSGOOD,67
DFO-PAC-PCODWCVANI-1956-2002-COLLIE,67
DFO-PAC-RSOLE5AB-1944-2014-OSGOOD,67
DFO-PAC-RSOLEHSTR-1945-2014-OSGOOD,67
DFO-PAC-SABLEFPCAN-1913-2010-HIVELY,67
DFO-PAC-SARDBC-2002-2012-OSGOOD,67
DFO-PANDAL4RST-1965-2012-WATSON,21
DFO-PANDALSFA13-15-1980-2012-WATSON,21
DFO-PANDALSFA4-1977-2012-WATSON,21
DFO-PANDALSFA5-1977-2012-WATSON,21
DFO-PANDALSFA6-1977-2012-WATSON,21
DFO-PANDALSMA14-1987-2011-WATSON,67
DFO-PANDALSMA16-1987-2011-WATSON,NA
DFO-PANDALSMA18-19-1987-2011-WATSON,67
DFO-PANDALSMAFR-1987-2011-WATSON,67
DFO-PANDALSMAGTSE-1990-2012-WATSON,NA
DFO-PANDALSMAPRD-1987-2011-WATSON,67
DFO-PERCHQCI-1939-2013-WATSON,67
DFO-PERCHWCVANI-1939-2013-WATSON,67
DFO-PORSHARATL-1960-2014-OSGOOD,21
DFO-QROCKPCOASTIN-1918-2010-WATSON,67
DFO-QROCKPCOASTOUT-1918-2010-WATSON,67
DFO-QUE-ARCSURF4RST-1993-2014-OSGOOD,21
DFO-QUE-ARCSURFQCW-1993-2011-CHING,21
DFO-QUE-GURCH4RST-1991-2011-CHING,21
DFO-QUE-HERR4RFA-1971-2003-PREFONTAINE,21
DFO-QUE-HERR4RSP-1963-2004-PREFONTAINE,21
DFO-QUE-HERR4S-1979-2010-CHING,21
DFO-QUE-LOBSTERLFA15-18-1984-2011-CHING,NA
DFO-QUE-LOBSTERLFA19-21-1945-2011-CHING,NA
DFO-QUE-LOBSTERLFA22-1945-2011-CHING,21
DFO-QUE-REDFISHSPP3Pn4RSTVn-1953-2000-PREFONTAINE,21
DFO-QUE-ROCKCRABQCW-1998-2012-OSGOOD,21
DFO-QUE-SNOWCRABSCMA12-17-1979-2011-CHING,21
DFO-QUE-SSCLAMQCW-1930-2010-CHING,21
DFO-QUE-WHAKE4RS-1960-2014-OSGOOD,21
DFO-QUE-WWHELKQCW-1987-2011-CHING,21
DFO-REDDEEP2J3K-3LNO-1960-2010-WATSON,21
DFO-REDDEEPUT12-1960-2010-WATSON,21
DFO-SG-LOBSTERLFA23-26AB-1892-2011-CHING,21
DFO-SG-ROCKCRABLFA23-26-1985-2010-OSGOOD,21
DFO-SG-TSKA4T-1971-2010-OSGOOD,21
DFO-SG-WHAKE4T-1960-2013-OSGOOD,21
DFO-SG-WINFLOUN4T-1960-2012-OSGOOD,21
DFO-SG-WITFLOUN4RST-1960-2011-OSGOOD,21
DFO-SNOWCRAB2HJ-1995-2013-WATSON,21
DFO-SNOWCRAB3K-1995-2013-WATSON,21
DFO-SNOWCRAB3LNO-1995-2013-WATSON,21
DFO-SNOWCRAB3Ps-1995-2013-WATSON,21
DFO-SNOWCRAB4R3Pn-1995-2013-WATSON,21
DFO-SNOWCRABSGSL-1987-2014-WATSON,21
DFO-SSHRIMPSMAGTSE-1992-2011-WATSON,NA
DFO-SSHRIMPSMAPRD-1987-2011-WATSON,67
DFO-SSSHRIMPSMA14-1987-2011-WATSON,67
DFO-SSSHRIMPSMA16-1987-2011-WATSON,NA
DFO-SSSHRIMPSMA18-19-1987-2011-WATSON,67
DFO-SSSHRIMPSMAFR-1987-2011-WATSON,67
DFO-YEYEROCKPCOASTIN-1918-2009-WATSON,67
DPIF-MULLQNSW-1945-2003-BANOBI,NA
EWG-BS-WHITBLACK-1994-2011-HIVELY,37
FAJ-APOLLPJPN-1975-2014-KUROTA,61
FAJ-BMACKECS-1992-2014-KUROTA,61
FAJ-BMACKPJPN-1982-2014-KUROTA,61
FAJ-BRMSOJ-1980-2010-ONO,61
FAJ-CMACKPJPN-1970-2009-ONO,61
FAJ-CMACKTSST-1973-2014-KUROTA,61
FAJ-JANCHOPJPN-1978-2014-KUROTA,61
FAJ-JANCHOSETO-1955-2014-KUROTA,61
FAJ-JANCHOTSST-1977-2014-KUROTA,61
FAJ-JMACKPJPN-1982-2009-ONO,61
FAJ-JMACKTSST-1973-2010-ONO,61
FAJ-OFLOUNECS-1986-2010-ONO,61
FAJ-OFLOUNNSJ-1999-2010-ONO,61
FAJ-OFLOUNPAC-1990-2009-ONO,61
FAJ-OFLOUNSETO-1987-2010-ONO,NA
FAJ-PILCHPJPN-1976-2009-ONO,61
FAJ-PILCHTSST-1960-2010-ONO,61
FAJ-RBRMECS-1969-2010-ONO,61
FAJ-RBRMSETOE-1977-2010-ONO,61
FAJ-RBRMSETOW-1977-2010-ONO,61
FAJ-RHERRTSST-1975-2014-KUROTA,NA
FAJ-SAURNWPAC-1980-2010-ONO,61
FAJ-SPANMACKSETO-1987-2010-ONO,NA
FAO-DRSS-BCROAKWASG1-1994-2007-CHING,34
FAO-DRSS-BGRUNTWASG2-1990-2006-CHING,34
FAO-DRSS-BGRUNTWASG3-1995-2007-CHING,47
FAO-DRSS-BHAKEWASG3-1995-2007-CHING,47
FAO-DRSS-BRMSPPWASG1-1994-2007-CHING,34
FAO-DRSS-BRMSPPWASG2-1990-2007-CHING,34
FAO-DRSS-BRMSPPWASG3-1995-2007-CHING,47
FAO-DRSS-CATWASG1-1994-2008-CHING,34
FAO-DRSS-CATWASG3-1995-2007-CHING,34
FAO-DRSS-CROAKSPPWASG1-1994-2007-CHING,34
FAO-DRSS-CROAKSPPWASG2-1990-2006-CHING,34
FAO-DRSS-CROAKSPPWASG3-1990-2007-CHING,47
FAO-DRSS-CSHRIMPWA-1990-2007-CHING,34
FAO-DRSS-CUTTLEWA-1990-2007-CHING,34
FAO-DRSS-DRSHRIMPWA-1990-2007-CHING,34
FAO-DRSS-GGRUNTWASG1-1994-2007-CHING,34
FAO-DRSS-GGRUNTWASG3-1995-2007-CHING,47
FAO-DRSS-LDENTWASG3-1995-2007-CHING,47
FAO-DRSS-OCTOWA-1990-2007-CHING,34
FAO-DRSS-RPANDWASG2-1990-2007-CHING,34
FAO-DRSS-SOLEWASG1-1994-2007-CHING,34
FAO-DRSS-SOLEWASG3-1991-2007-CHING,47
FAO-DRSS-SPSHRIMPWA-1990-2007-CHING,47
FAO-DRSS-THREADWASG1-1994-2007-CHING,34
FAO-DRSS-THREADWASG2-1990-2006-CHING,34
FAO-DRSS-THREADWASG3-1990-2007-CHING,47
FAO-SPNWA-ANCHOWA-1990-2010-CHING,34
FAO-SPNWA-BONGAWA-1990-2010-CHING,34
FAO-SPNWA-CHMACKWA-1990-2010-CHING,34
FAO-SPNWA-CMACKWA-1990-2010-CHING,NA
FAO-SPNWA-FSCADWA-1990-2010-CHING,34
FAO-SPNWA-HMACKWA-1990-2010-CHING,NA
FAO-SPNWA-RSARDINWA-1990-2010-CHING,34
FAO-SPNWA-SARDINWA-1990-2010-CHING,34
FAO-SPNWA-SARDWAZAB-1990-2010-CHING,34
FAO-SPNWA-SARDWAZC-1990-2010-CHING,34
GRP7-RBRMMEDGSA1-3-2009-2011-BANOBI,37
HAWG-HERR2224IIIa-1991-2011-NEUBAUER,27
HAWG-HERRNIRS-1960-2010-NEUBAUER,27
HAWG-HERRNS-1960-2011-NEUBAUER,27
HAWG-HERRSIRS-1957-2010-NEUBAUER,27
HAWG-HERRVIa-1956-2010-NEUBAUER,27
HAWG-HERRVIaVIIbc-1956-2010-NEUBAUER,27
HAWG-SPRATNS-1995-2007-MINTO,27
IATTC-BIGEYEEPAC-1954-2012-PONS,87
IATTC-STMARLINNEPAC-1954-2009-BRANCH,77
IATTC-SWORDEPAC-1951-2012-PONS,87
IATTC-YFINEPAC-1950-2012-PONS,87
ICCAT-ALBAMED-1956-2011-CHING,37
ICCAT-ALBANATL-1930-2015-PONS,27
ICCAT-ALBASATL-1950-2015-PONS,41
ICCAT-ATBTUNAEATL-1950-2015-PONS,34
ICCAT-ATBTUNAWATL-1950-2015-PONS,41
ICCAT-BIGEYEATL-1950-2010-CHING,34
ICCAT-BMARLINATL-1956-2010-CHING,34
ICCAT-SAILEATL-1956-2010-CHING,NA
ICCAT-SAILWATL-1956-2010-CHING,NA
ICCAT-SKJEATL-1950-2010-CHING,34
ICCAT-SKJWATL-1950-2014-PONS,41
ICCAT-SWORDMED-1950-2009-CHING,37
ICCAT-SWORDNATL-1950-2015-PONS,27
ICCAT-SWORDSATL-1950-2015-PONS,41
ICCAT-WMARLINATL-1956-2011-CHING,34
ICCAT-YFINATL-1950-2011-CHING,34
IFOP-AFLONCH-1998-2011-CHING,87
IFOP-BSQLOBSTERCH-1979-2012-CHING,87
IFOP-BWHITCH-1979-2012-CHING,87
IFOP-CHERRCHVX-1960-2012-CHING,87
IFOP-CHTRACCH-1950-2010-RICARD,87
IFOP-HMACKCH-1970-2011-CHING,87
IFOP-NSHRIMPCH-1949-2012-CHING,87
IFOP-OROUGHYCH-1999-2011-CHING,87
IFOP-PANCHCHVX-1960-2012-CHING,87
IFOP-PANCHNCH-1984-2012-CHING,87
IFOP-PANCHSCH-1984-2012-CHING,87
IFOP-PATGRENADIERCH-1977-2012-CHING,87
IFOP-PCEELCH-1978-2011-CHING,87
IFOP-PTOOTHFISHCH-1989-2011-CHING,87
IFOP-RSQLOBSTERCH-1968-2012-CHING,87
IFOP-SBREAMCH-1989-2011-CHING,87
IFOP-SOUTHHAKECH-1977-2011-CHING,87
IFOP-SPHAKECH-1968-2012-CHING,87
IFOP-SSARDCH-2006-2012-CHING,87
IFOP-YNOSESKACH-1979-2011-CHING,87
IFREMER-ANCHMEDGSA7-1993-2012-BANOBI,37
IFREMER-SARDMEDGSA7-1993-2012-BANOBI,37
IMARM-SFMAKONWPAC-1990-2003-FAUCONNET,61
IMARPE-PANCHPERUNC-1959-2008-HIVELY,87
INIDEP-ARGANCHONARG-1989-2007-Parma,41
INIDEP-ARGANCHOSARG-1992-2007-Parma,41
INIDEP-ARGHAKENARG-1986-2011-CHING,41
INIDEP-ARGHAKESARG-1990-2011-CHING,41
INIDEP-PATGRENADIERSARG-1983-2006-Parma,41
INIDEP-SBWHITARGS-1985-2007-Parma,41
IOTC-ALBAIO-1950-2014-PONS,57
IOTC-BIGEYEIO-1950-2014-PONS,51
IOTC-BLKMARLINIO-1950-2014-PONS,51
IOTC-BMARLINIO-1950-2014-PONS,51
IOTC-SKJCIO-1950-2014-PONS,57
IOTC-STMARLINIO-1950-2014-PONS,51
IOTC-SWORDIO-1950-2014-PONS,51
IOTC-YFINEIO-1950-2014-PONS,51
IPHC-PHALNPAC-1888-2014-HIVELY,67
ISC-ALBANPAC-1950-2012-PONS,77
ISC-BMARLINPAC-1952-2011-PONS,77
ISC-PACBTUNA-1952-2012-PONS,77
ISC-STMARLINWCNPAC-1951-2010-CHING,61
ISC-SWORDNPAC-1951-2012-PONS,61
MARAM-ANCHOSA-1984-2011-deMoor,NA
MARAM-CHAKESA-1917-2015-Rademeyer,47
MARAM-CHSQUIDSA-1971-2013-GLAZER,47
MARAM-CRLOBSTERSA12-1910-2014-Johnston,47
MARAM-CRLOBSTERSA34-1910-2014-Johnston,47
MARAM-CRLOBSTERSA56-1910-2014-Johnston,47
MARAM-CRLOBSTERSA7-1910-2014-Johnston,47
MARAM-CRLOBSTERSA8-1910-2014-Johnston,47
MARAM-CTRACSA-1949-2013-Furman,47
MARAM-DEEPCHAKESA-1917-2015-Rademeyer,47
MARAM-KINGKLIPSA-1986-2012-Brandao,NA
MARAM-PTOOTHFISHPEI-1960-2015-Brandao,58
MARAM-SAABALONESA-1951-2015-Brandao,41
MARAM-SARDSA-1984-2011-deMoor,NA
MARAM-SSLOBSTERSASC-1973-2014-Johnston,47
NAFO-SC-AMPL3LNO-1955-2007-BAUM,21
NAFO-SC-AMPL3M-1960-2007-BAUM,21
NAFO-SC-COD3M-1960-2012-CHING,21
NAFO-SC-COD3NO-1953-2011-CHING,21
NAFO-SC-GHAL01ABCDEF-1987-2006-PREFONTAINE,21
NAFO-SC-GHAL23KLMNO-1960-2010-WATSON,21
NAFO-SC-REDFISHSPP1-1965-2004-PREFONTAINE,21
NAFO-SC-REDFISHSPP3LN-1959-2013-WATSON,21
NAFO-SC-REDFISHSPP3M-1988-2014-WATSON,21
NAFO-SC-TSKA3LNOPs-1960-2014-OSGOOD,21
NAFO-SC-WHAKE3NOPs-1960-2015-OSGOOD,21
NAFO-SC-YELL3LNO-1960-2015-WATSON,21
NEFSC-ACADREDGOMGB-1913-2007-MILLER,21
NEFSC-AMPL5YZ-1960-2010-HIVELY,21
NEFSC-ATHAL5YZ-1800-2007-COL,21
NEFSC-BLUEFISHATLC-1981-2007-SHEPHERD,31
NEFSC-BSBASSMATLC-1968-2007-SHEPHERD,21
NEFSC-BSKAT5YZSNE-1963-2005-SOSEBEE,21
NEFSC-BUTTERGOMCHATT-1965-2012-HIVELY,21
NEFSC-CODGB-1976-2011-CHING,21
NEFSC-CODGOM-1981-2011-CHING,21
NEFSC-CSKATMATLC-1975-2005-SOSEBEE,21
NEFSC-HAD5Y-1964-2011-CHING,21
NEFSC-HERRNWATLC-1964-2011-HIVELY,21
NEFSC-ILLEXNWATLC-1967-2005-HENDRICKSON,21
NEFSC-LSKAT5YCHATT-1968-2006-SOSEBEE,21
NEFSC-MONKGOMNGB-1980-2009-HIVELY,21
NEFSC-MONKSGBMATL-1980-2009-HIVELY,21
NEFSC-OPOUTNWATLC-1962-2008-WIGLEY,21
NEFSC-POLL5YZ-1960-2009-CHING,21
NEFSC-QUAHATLC-1978-2008-CHUTE,21
NEFSC-RDEEPCRABNWATL-1982-2008-CHUTE,21
NEFSC-RSKATMATLC-1967-2005-SOSEBEE,21
NEFSC-SCALL5ZMAB-1964-2013-HIVELY,21
NEFSC-SCUPNWATLC-1960-2007-TERCEIRO,21
NEFSC-SDOGATLC-1962-2006-SOSEBEE,21
NEFSC-SFLOUNMATLC-1940-2012-HIVELY,21
NEFSC-SHAKEGOMNGB-1955-2009-CHING,21
NEFSC-SHAKESGBMATL-1955-2009-CHING,21
NEFSC-SSKAT5YZSNE-1963-2005-SOSEBEE,21
NEFSC-STRIPEDBASSGOMCHATT-1981-2012-HIVELY,21
NEFSC-SURFMATLC-1965-2008-JACOBSON,21
NEFSC-TILEMATLC-1915-2012-HIVELY,21
NEFSC-TSKAT5YZSNE-1963-2005-SOSEBEE,21
NEFSC-WEAKFISHATLC-1981-2008-STANTON,21
NEFSC-WHAKEGBGOM-1962-2011-HIVELY,21
NEFSC-WINDOWGOMGB-1975-2007-HENDRICKSON,21
NEFSC-WINDOWSNEMATL-1975-2007-HENDRICKSON,21
NEFSC-WINFLOUN5Z-1964-2011-HIVELY,21
NEFSC-WINFLOUND5Y-1982-2008-NITSCHKE,21
NEFSC-WINFLOUNSNEMATL-1980-2010-HIVELY,21
NEFSC-WITFLOUN5Y-1982-2008-WIGLEY,21
NEFSC-WSKAT5YCHATT-1967-2005-SOSEBEE,21
NEFSC-YELLCCODGOM-1935-2008-LEGAULT,21
NEFSC-YELLSNEMATL-1935-2011-HIVELY,21
NIWA-AUSSALMONNZ-1929-2013-FU,81
NIWA-BKCDLFENI-1923-2009-CORDUE,81
NIWA-BLACKOREOPR-1974-2009-CORDUE,81
NIWA-DOYSFS-1906-2012-FU,81
NIWA-GSTRGZRSTA7-1964-2007-CORDUE,81
NIWA-HOKIENZ-1970-2015-FU,81
NIWA-HOKIWNZ-1970-2015-FU,NA
NIWA-NZLINGLIN3-4-1968-2014-FU,81
NIWA-NZLINGLIN5-6-1968-2014-FU,81
NIWA-NZSNAPNZ1BOP-HAGU-1899-2013-FU,81
NIWA-NZSNAPNZ1ENLD-1899-2013-FU,81
NIWA-OROUGHYESCR-1910-2014-FU,81
NIWA-OROUGHYNWCR-1910-2014-FU,81
NIWA-OROUGHYNZ7A-1910-2014-FU,81
NIWA-OROUGHYNZMEC-1882-2014-FU,81
NIWA-PAUANPAU5A-1965-2014-FU,81
NIWA-PAUAPAU7-1965-2015-FU,81
NIWA-PAUASPAU5A-1965-2014-FU,NA
NIWA-SCMPBP-1985-2012-FU,81
NIWA-SCMPMB-1989-2014-FU,81
NIWA-SCMPWHB-1985-2012-FU,81
NIWA-SMOOTHOREOBP-1983-2008-CORDUE,81
NIWA-SMOOTHOREOCR-1955-2013-FU,81
NIWA-SMOOTHOREOEPR-1973-2006-CORDUE,81
NIWA-SMOOTHOREOSLD-1973-2007-CORDUE,81
NIWA-SMOOTHOREOWECR-1965-2009-CORDUE,81
NIWA-SOUTHHAKECR-1974-2012-FU,81
NIWA-SOUTHHAKESA-1974-2014-FU,81
NIWA-SOUTHHAKEWCSI-1973-2012-FU,81
NIWA-TARAKNZ-1932-2007-CORDUE,81
NMFS-MENATLAN-1940-2005-STANTON,21
NWFSC-ARFLOUNDPCOAST-1916-2007-BRANCH,77
NWFSC-BGROCKPCOAST-1950-2011-STACHURA,77
NWFSC-BLACKROCKNPCOAST-1914-2006-BRANCH,67
NWFSC-BLACKROCKSPCOAST-1915-2007-BRANCH,77
NWFSC-BLUEROCKCAL-1916-2007-BRANCH,77
NWFSC-CABEZORECOAST-1973-2009-STACHURA,67
NWFSC-CHILISPCOAST-1892-2007-BRANCH,77
NWFSC-CROCKPCOAST-1916-2011-STACHURA,77
NWFSC-DKROCKPCOAST-1928-2011-STACHURA,77
NWFSC-ESOLEPCOAST-1876-2007-BRANCH,77
NWFSC-KELPGREENLINGORECOAST-1979-2005-STANTON,67
NWFSC-LINGCODNPCOAST-1928-2009-STACHURA,67
NWFSC-LINGCODSPCOAST-1928-2009-STACHURA,77
NWFSC-LNOSESKAPCOAST-1915-2007-BRANCH,77
NWFSC-LSTHORNHPCOAST-1964-2012-HIVELY,77
NWFSC-POPERCHPCOAST-1940-2011-STACHURA,77
NWFSC-SABLEFPCOAST-1900-2011-STACHURA,77
NWFSC-SNROCKPCOAST-1905-2009-STANTON,77
NWFSC-SPSDOGPCOAST-1916-2011-STACHURA,77
NWFSC-SSTHORNHPCOAST-1901-2005-STANTON,77
NWFSC-WROCKPCOAST-1916-2011-STACHURA,77
NWFSC-YEYEROCKPCOAST-1916-2011-STACHURA,77
NWFSC-YTROCKNPCOAST-1967-2005-STANTON,67
NWWG-CAPEICE-1977-2010-NEUBAUER,NA
NWWG-CODFAPL-1959-2012-CHING,27
NWWG-CODICE-1952-2012-CHING,27
NWWG-HADFAPL-1955-2012-CHING,27
NWWG-HADICE-1977-2012-CHING,NA
NWWG-HERRIsum-1984-2011-NEUBAUER,NA
NWWG-POLLFAPL-1958-2012-CHING,27
NWWG-POLLIEG-1977-2012-CHING,NA
NZMFishDEEPWATER-BLACKOREOWECR-1973-2007-JENSEN,81
NZMFishINSHOREWG-BNSNZ-1935-2011-CORDUE,81
NZMFishINSHOREWG-NZSNAPNZ7-1931-2014-LANGLEY,81
NZMFishINSHOREWG-NZSNAPNZ8-1931-2005-JENSEN,81
NZMFishINSHOREWG-TREVALLYTRE7-1944-2014-LANGLEY,81
NZMFishLOBSTERWG-RROCKLOBSTERCRA1-1945-2001-JENSEN,NA
NZMFishLOBSTERWG-RROCKLOBSTERCRA2-1945-2001-JENSEN,81
NZMFishLOBSTERWG-RROCKLOBSTERCRA3-1945-2007-JENSEN,81
NZMFishLOBSTERWG-RROCKLOBSTERCRA4-1945-2005-JENSEN,81
NZMFishLOBSTERWG-RROCKLOBSTERCRA5-1945-2002-JENSEN,NA
NZMFishLOBSTERWG-RROCKLOBSTERCRA7-1976-2005-JENSEN,NA
NZMFishLOBSTERWG-RROCKLOBSTERCRA8-1976-2005-JENSEN,NA
NZMFishMIDDEPTHSWG-GEMFISHNZ-1952-2007-JENSEN,NA
NZMFishMIDDEPTHSWG-NZLINGLIN6b-1980-2006-JENSEN,81
NZMFishMIDDEPTHSWG-NZLINGLIN72-1968-2010-FU,81
NZMFishMIDDEPTHSWG-NZLINGLIN7WC-1968-2012-FU,81
NZMFishMIDDEPTHSWG-SBWHITACIR-1977-2013-FU,81
NZMFishSHELLFISHWG-PAUAPAU5B-1965-2013-FU,NA
NZMFishSHELLFISHWG-PAUAPAU5D-1965-2012-FU,NA
PFMC-BNKROCKCAL-1979-1999-CHING,77
PFMC-BOCACCSPCOAST-1930-2009-CHING,77
PFMC-CABEZNCAL-1930-2009-CHING,77
PFMC-CABEZSCAL-1930-2009-CHING,77
PFMC-COWCODSCAL-1900-2015-HIVELY,77
PFMC-GRNSTROCKPCOAST-1916-2009-STANTON,77
PFMC-PHAKEPCOAST-1966-2016-WATSON,77
PFMC-PSOLEPCOAST-1930-2011-CHING,77
SARDI-RROCKLOBSTERSAUSNZ-1966-2010-BANOBI,57
SARDI-RROCKLOBSTERSAUSSZ-1965-2010-BANOBI,57
SARDI-SNAPSAUSNSG-1983-2010-BANOBI,57
SARDI-SNAPSAUSSGSV-1983-2010-BANOBI,57
SARDI-SNAPSAUSSSG-1984-2010-BANOBI,57
SEFSC-BHEADSHARATL-1950-2011-HIVELY,31
SEFSC-BLACKGROUPERGMSATL-1986-2008-THORSON,NA
SEFSC-BNOSESHARATL-1950-2005-FAUCONNET,31
SEFSC-BRNSHRIMPGM-1984-2011-HIVELY,31
SEFSC-BSBASSSATL-1950-2010-HIVELY,31
SEFSC-BTIPSHARATL-1981-2004-FAUCONNET,31
SEFSC-BTIPSHARGM-1981-2010-HIVELY,31
SEFSC-FTOOTHSHARATL-1976-2005-FAUCONNET,31
SEFSC-GAGGM-1963-2012-HIVELY,31
SEFSC-GAGSATLC-1962-2005-JENSEN,31
SEFSC-GRAMBERGM-1986-2004-JENSEN,31
SEFSC-GRAMBERSATLC-1946-2006-JENSEN,31
SEFSC-GTRIGGM-1962-2010-HIVELY,31
SEFSC-KMACKGM-1929-2012-HIVELY,31
SEFSC-KMACKSATLC-1901-2012-HIVELY,31
SEFSC-LISQUIDATLC-1963-2009-HIVELY,21
SEFSC-MENATGM-1948-2011-HIVELY,31
SEFSC-MUTSNAPSATLCGM-1981-2006-JENSEN,NA
SEFSC-PINKSHRIMPGM-1984-2011-HIVELY,31
SEFSC-RGROUPGM-1986-2005-JENSEN,31
SEFSC-RGROUPSATL-1976-2009-HIVELY,31
SEFSC-RPORGYSATLC-1972-2012-HIVELY,31
SEFSC-RSNAPGM-1872-2011-HIVELY,31
SEFSC-RSNAPSATLC-1954-2010-HIVELY,31
SEFSC-SBARSHARATL-1975-2004-FAUCONNET,21
SEFSC-SNOSESHARATL-1950-2005-FAUCONNET,31
SEFSC-SNOWGROUPSATLC-1974-2013-HIVELY,31
SEFSC-SPANMACKGM-1886-2011-HIVELY,31
SEFSC-SPANMACKSATLC-1950-2012-HIVELY,31
SEFSC-TILEGM-1965-2009-HIVELY,31
SEFSC-TILESATLC-1961-2011-HIVELY,31
SEFSC-VSNAPGM-1981-2004-JENSEN,31
SEFSC-VSNAPSATLC-1945-2012-HIVELY,31
SEFSC-WSHRIMPGM-1984-2011-HIVELY,31
SEFSC-YEGROUPGM-1975-2009-HIVELY,31
SEFSC-YTSNAPSATLCGM-1950-2011-HIVELY,NA
SPC-ALBASPAC-1960-2010-PONS,77
SPC-BIGEYECWPAC-1952-2012-PONS,77
SPC-BIGEYEWPO-1952-2006-JENSEN,77
SPC-SKJCWPAC-1950-2012-PONS,71
SPC-STMARLINSWPO-1952-2011-CHING,77
SPC-YFINCWPAC-1952-2012-PONS,71
STECF-ANCHMEDGSA1-2002-2009-OSIO,37
STECF-ANCHMEDGSA16-2004-2011-OSIO,37
STECF-ANCHMEDGSA17-18-1976-2013-OSIO,37
STECF-ANCHMEDGSA19-2006-2012-OSIO,37
STECF-ANCHMEDGSA20-2000-2008-OSIO,37
STECF-ANCHMEDGSA22-2000-2008-OSIO,37
STECF-ANCHMEDGSA29-1988-2014-OSIO,37
STECF-ANCHMEDGSA6-2002-2009-OSIO,37
STECF-ANCHMEDGSA9-2004-2010-OSIO,37
STECF-ANGLMEDGSA15-16-2006-2011-OSIO,37
STECF-ANGLMEDGSA5-2003-2013-OSIO,37
STECF-ANGLMEDGSA6-2004-2013-OSIO,37
STECF-ANGLMEDGSA7-2005-2011-OSIO,37
STECF-BWHITMEDGSA1-2002-2011-OSIO,37
STECF-BWHITMEDGSA6-2009-2013-OSIO,37
STECF-BWHITMEDGSA9-2009-2013-OSIO,37
STECF-CPANDMEDGSA15-16-2006-2011-OSIO,37
STECF-CPANDMEDGSA9-2006-2010-OSIO,37
STECF-GFORKBMEDGSA9-2007-2011-OSIO,37
STECF-GRSHRIMPMEDGSA10-2006-2014-OSIO,37
STECF-GRSHRIMPMEDGSA11-2006-2014-OSIO,37
STECF-GRSHRIMPMEDGSA12-16-2005-2011-OSIO,37
STECF-GRSHRIMPMEDGSA18-19-2008-2014-OSIO,37
STECF-GRSHRIMPMEDGSA9-2006-2014-OSIO,37
STECF-HAKEMEDGSA1-7-2003-2014-OSIO,37
STECF-HAKEMEDGSA15-16-2005-2009-OSIO,37
STECF-HAKEMEDGSA17-18-2008-2014-OSIO,37
STECF-HAKEMEDGSA19-2006-2014-OSIO,37
STECF-HAKEMEDGSA20-2003-2008-OSIO,37
STECF-HAKEMEDGSA22-23-2003-2008-OSIO,37
STECF-HAKEMEDGSA9-11-2006-2014-OSIO,37
STECF-MHMACKMEDGSA29-2005-2014-OSIO,37
STECF-NEPHMEDGSA1-2002-2011-OSIO,37
STECF-NEPHMEDGSA15-16-2002-2012-OSIO,37
STECF-NEPHMEDGSA17-2004-2008-OSIO,37
STECF-NEPHMEDGSA18-2007-2013-OSIO,37
STECF-NEPHMEDGSA5-2002-2013-OSIO,37
STECF-NEPHMEDGSA6-2002-2011-OSIO,37
STECF-NEPHMEDGSA9-2006-2013-OSIO,37
STECF-PICAMEDGSA25-2005-2010-OSIO,NA
STECF-PRCODMEDGSA9-2004-2011-OSIO,37
STECF-PSHRMPMEDGSA6-2001-2012-OSIO,37
STECF-RDSHRMPMEDGSA1-2002-2014-OSIO,37
STECF-RDSHRMPMEDGSA10-2006-2011-OSIO,37
STECF-RDSHRMPMEDGSA15-16-2009-2012-OSIO,37
STECF-RDSHRMPMEDGSA6-2002-2014-OSIO,37
STECF-RMULLMEDGSA1-2003-2013-OSIO,37
STECF-RMULLMEDGSA10-2004-2010-OSIO,37
STECF-RMULLMEDGSA11-2005-2012-OSIO,37
STECF-RMULLMEDGSA15-16-2005-2011-OSIO,37
STECF-RMULLMEDGSA17-18-2008-2014-OSIO,37
STECF-RMULLMEDGSA19-2006-2014-OSIO,37
STECF-RMULLMEDGSA25-2005-2008-OSIO,NA
STECF-RMULLMEDGSA29-1990-2014-OSIO,37
STECF-RMULLMEDGSA5-2000-2012-OSIO,37
STECF-RMULLMEDGSA6-2002-2013-OSIO,37
STECF-RMULLMEDGSA7-2004-2013-OSIO,37
STECF-RMULLMEDGSA9-2006-2013-OSIO,37
STECF-RSHRMPMEDGSA1-2003-2012-OSIO,37
STECF-RSHRMPMEDGSA10-2006-2012-OSIO,37
STECF-RSHRMPMEDGSA11-2009-2011-OSIO,37
STECF-RSHRMPMEDGSA12-16-2007-2009-OSIO,37
STECF-RSHRMPMEDGSA17-19-2007-2014-OSIO,37
STECF-RSHRMPMEDGSA5-2002-2012-OSIO,37
STECF-RSHRMPMEDGSA9-2006-2013-OSIO,37
STECF-SARDMEDGSA1-2002-2012-OSIO,37
STECF-SARDMEDGSA17-18-1975-2013-OSIO,37
STECF-SARDMEDGSA20-2000-2008-OSIO,37
STECF-SARDMEDGSA22-2000-2008-OSIO,37
STECF-SARDMEDGSA6-2003-2013-OSIO,37
STECF-SARDMEDGSA9-2006-2012-OSIO,37
STECF-SDOGBLKGSA29-1989-2014-OSIO,37
STECF-SMSHRMPMEDGSA10-2011-2011-OSIO,37
STECF-SMSHRMPMEDGSA17-18-2008-2014-OSIO,37
STECF-SMSHRMPMEDGSA9-2004-2010-OSIO,37
STECF-SMULLMEDGSA15-16-2002-2012-OSIO,37
STECF-SMULLMEDGSA5-2000-2012-OSIO,37
STECF-SMULLMEDGSA9-2004-2010-OSIO,37
STECF-SOLMEDGSA17-2006-2014-OSIO,37
STECF-SPRBLKGSA29-1995-2014-OSIO,37
STECF-TBSKAMEDGSA29-2008-2014-OSIO,37
STECF-TURBLKGSA29-1950-2014-OSIO,37
STECF-WHITMEDGSA29-1994-2014-OSIO,37
SWFSC-CALSCORPSCAL-1990-2005-STANTON,77
SWFSC-CMACKPCOAST-1929-2008-PINSKY,67
SWFSC-DSOLEPCOAST-1910-2011-STACHURA,77
SWFSC-GOPHERSPCOAST-1965-2005-STANTON,77
SWFSC-GRSPROCKNCAL-1916-2010-STACHURA,77
SWFSC-GRSPROCKSCAL-1916-2010-STACHURA,77
SWFSC-SARDPCOAST-1981-2007-PINSKY,77
SWFSC-SBELLYROCKPCOAST-1950-2005-BRANCH,77
SWFSC-STFLOUNNPCOAST-1970-2005-STANTON,67
SWFSC-STFLOUNSPCOAST-1970-2005-STANTON,77
TAFI-TASGIANTCRABTAS-1990-2007-JENSEN,57
TRAC-HADGB-1969-2014-WATSON,21
TRAC-YELLGB-1935-2015-WATSON,21
VNIRO-WPOLLNAVAR-1994-2004-JENSEN,61
VNIRO-WPOLLNSO-1963-2012-CHING,61
VNIRO-WPOLLWBS-1970-2008-CHING,61
WDFW-PGEODWA-1980-2010-HIVELY,NA
WGBFAS-CODBA2224-1965-2012-CHING,27
WGBFAS-CODBA2532-1966-2012-CHING,27
WGBFAS-CODIS-1968-2010-NEUBAUER,27
WGBFAS-CODKAT-1971-2012-CHING,27
WGBFAS-CODVIIek-1971-2012-CHING,27
WGBFAS-HERR2532-1973-2011-NEUBAUER,27
WGBFAS-HERR30-1972-2011-NEUBAUER,27
WGBFAS-HERR31-1979-2010-NEUBAUER,27
WGBFAS-HERRRIGA-1976-2011-NEUBAUER,27
WGBFAS-SPRAT22-32-1973-2011-NEUBAUER,27
WGCSE-CODVIa-1981-2012-CHING,27
WGHMM-FMEG8c9a-1986-2010-NEUBAUER,NA
WGHMM-HAKENRTN-1961-2011-CHING,27
WGHMM-HAKESOTH-1972-2011-CHING,NA
WGHMM-MEG8c9a-1985-2010-NEUBAUER,NA
WGHMM-SOLEVIII-1982-2011-NEUBAUER,27
WGMHSA-ANCHOBAYB-1986-2007-JENNINGS,27
WGMHSA-MACKNEICES-1972-2007-JENNINGS,27
WGMHSA-SARDPVIIIc-IXa-1978-2011-NEUBAUER,NA
WGNPBW-BWHITNEA-1980-2012-CHING,27
WGNSDS-HADIS-1972-2012-CHING,27
WGNSDS-HADVIa-1977-2012-CHING,27
WGNSDS-PLAICIS-1992-2010-NEUBAUER,27
WGNSDS-SOLEIS-1968-2011-NEUBAUER,27
WGNSDS-WHITVIa-1980-2012-CHING,27
WGNSSK-CODNS-1962-2011-NEUBAUER,27
WGNSSK-HADNS-IIIa-1963-2012-CHING,27
WGNSSK-HADROCK-1990-2012-CHING,27
WGNSSK-NPOUTNS-1983-2011-NEUBAUER,27
WGNSSK-PLAIC7d-1979-2010-NEUBAUER,27
WGNSSK-PLAICIIIa-1976-2006-MINTO,27
WGNSSK-PLAICNS-1956-2010-NEUBAUER,27
WGNSSK-POLLNS-VI-IIIa-1964-2012-CHING,27
WGNSSK-SEELNSSA1-1983-2011-NEUBAUER,27
WGNSSK-SEELNSSA2-1983-2011-NEUBAUER,27
WGNSSK-SEELNSSA3-1983-2011-NEUBAUER,27
WGNSSK-SOLEIIIa-1982-2011-NEUBAUER,27
WGNSSK-SOLENS-1956-2010-NEUBAUER,27
WGNSSK-SOLEVIId-1981-2011-NEUBAUER,27
WGNSSK-WHITNS-VIId-1989-2012-CHING,27
WGSSDS-HADVIIb-k-1987-2012-CHING,27
WGSSDS-PLAICCELT-1992-2010-NEUBAUER,27
WGSSDS-PLAICECHW-1979-2010-NEUBAUER,27
WGSSDS-SOLECS-1970-2011-NEUBAUER,27
WGSSDS-SOLEVIIe-1968-2010-NEUBAUER,27
WGSSDS-WHITVIIek-1981-2012-CHING,27
WGWIDE-HERRNORSS-1988-2014-HIVELY,27
